transactionHash,sender,receiver,spam
0xc4d9be54d267c20715b36591c86b934376ad6d812aa5a13ff8c813aee79fdd2e, 0xf39fd6e51aad88f6f4ce6ab8827279cfffb92266,0x70997970c51812dc3a010c7d01b50e0d17dc79c8,0
0xe0681a744f2b7896e6b3c03f2363e25623b28ab9240daac77a9e16d87b949421,0xf39fd6e51aad88f6f4ce6ab8827279cfffb92266,0x70997970c51812dc3a010c7d01b50e0d17dc79c8,1
0xc4d9be54d267c20715b36591c86b934376ad6d812aa5a13ff8c813aee79fdd2e,0xf39fd6e51aad88f6f4ce6ab8827279cfffb92266,0x70997970c51812dc3a010c7d01b50e0d17dc79c8,1
0x4d32f476f69900021773aa11cb7a5b52cb44e8a0f2d3ad1abb0dbbca87f4cb27,0xf39fd6e51aad88f6f4ce6ab8827279cfffb92266,0x70997970c51812dc3a010c7d01b50e0d17dc79c8,0
0xc4d9be54d267c20715b36591c86b934376ad6d812aa5a13ff8c813aee79fdd2e,0x70997970c51812dc3a010c7d01b50e0d17dc79c8,0xf39fd6e51aad88f6f4ce6ab8827279cfffb92266,1
0x18a7ca347ae1b0be81af7ab4be10a624846fe8ff5df8bfc73c18dbe5905de906,0x70997970c51812dc3a010c7d01b50e0d17dc79c8,0x3c44cdddb6a900fa2b585dd299e03d12fa4293bc,0
0xdadb2c954271a2d43e97d00cc62f3dccb14b5a74325b617058b3ea073c4eb719,0x976ea74026e726554db657fa54763abd0c3a0aa9,0x14dc79964da2c08b23698b3d3cc7ca32193d9955,1
0x213596af82832003a608282680ec1cab5623696852ef4b5c1f040f2d8e067f9c,0xcd3b766ccdd6ae721141f452c550ca635964ce71,0x2546bcd3c84621e976d8185a91a922ae77ecec30,0
0xfa96ac6d5209eca401fede9312be376eb689a244e7129f105e1bb71dcdef9eb1,0x8626f6940e2eb28930efb4cef49b2d1f2c9c1199,0xdd2fd4581271e230360230f9337d5c0430bf44c0,1
0xbe0fcfe6284cdaf606e6f17fe6937ad671b8691422ce8c60ece4c2469a00fbf2,0xdf3e18d64bc6a983f673ab319ccae4f1a57c7097,0xdd2fd4581271e230360230f9337d5c0430bf44c0,0